drawNumber,drawDate,drawDateFull,drawName,drawSize,drawCRS,drawText2,drawDateTime
368,2025-09-18,"September 18, 2025",Trade occupations (Version 2),"1,250",505,"Federal Skilled Worker Program, Canadian Experience Class and Federal Skilled Trades Program","September 18, 2025 at 13:53:39 UTC"
367,2025-09-17,"September 17, 2025",Education occupations (Version 1),"2,500",462,"Federal Skilled Worker Program, Canadian Experience Class and Federal Skilled Trades Program","September 17, 2025 at 15:36:53 UTC"
366,2025-09-15,"September 15, 2025",Provincial Nominee Program,228,746,Provincial Nominee Program,"September 15, 2025 at 15:05:49 UTC"
365,2025-09-04,"September 4, 2025",French language proficiency (Version 1),"4,500",446,"Federal Skilled Worker Program, Canadian Experience Class and Federal Skilled Trades Program","September 04, 2025 at 17:50:37 UTC"
364,2025-09-03,"September 3, 2025",Canadian Experience Class,"1,000",534,Canadian Experience Class,"September 03, 2025 at 15:01:02 UTC"
363,2025-09-02,"September 2, 2025",Provincial Nominee Program,249,772,Provincial Nominee Program,"September 02, 2025 at 15:41:02 UTC"
362,2025-08-19,"August 19, 2025",Healthcare and social services occupations (Version 2),"2,500",470,"Federal Skilled Worker Program, Canadian Experience Class and Federal Skilled Trades Program","August 19, 2025 at 14:30:55 UTC"
361,2025-08-18,"August 18, 2025",Provincial Nominee Program,192,800,Provincial Nominee Program,"August 18, 2025 at 15:09:26 UTC"
360,2025-08-08,"August 8, 2025",French language proficiency (Version 1),"2,500",481,"Federal Skilled Worker Program, Canadian Experience Class and Federal Skilled Trades Program","August 08, 2025 at 15:36:25 UTC"
359,2025-08-07,"August 7, 2025",Canadian Experience Class,"1,000",534,Canadian Experience Class,"August 07, 2025 at 14:15:21 UTC"
358,2025-08-06,"August 6, 2025",Provincial Nominee Program,225,739,Provincial Nominee Program,"August 06, 2025 at 14:38:42 UTC"
357,2025-07-22,"July 22, 2025",Healthcare and social services occupations (Version 2),"4,000",475,"Federal Skilled Worker Program, Canadian Experience Class and Federal Skilled Trades Program","July 12, 2025 at 16:27:45 UTC"
356,2025-07-21,"July 21, 2025",Provincial Nominee Program,202,788,Provincial Nominee Program,"July 21, 2025 at 14:03:32 UTC"
355,2025-07-08,"July 8, 2025",Canadian Experience Class,"3,000",518,Canadian Experience Class,"July 08, 2025 at 14:59:08 UTC"
354,2025-07-07,"July 7, 2025",Provincial Nominee Program,356,750,Provincial Nominee Program,"July 07, 2025 at 14:17:56 UTC"
353,2025-06-26,"June 26, 2025",Canadian Experience Class,"3,000",521,Canadian Experience Class,"June 26, 2025 at 12:48:05 UTC"
352,2025-06-23,"June 23, 2025",Provincial Nominee Program,503,742,Provincial Nominee Program,"June 23, 2025 at 15:42:14 UTC"
351,2025-06-12,"June 12, 2025",Canadian Experience Class,"3,000",529,Canadian Experience Class,"June 12, 2025 at 14:06:31 UTC"
350,2025-06-10,"June 10, 2025",Provincial Nominee Program,125,784,Provincial Nominee Program,"June 10, 2025 at 13:57:34 UTC"
349,2025-06-04,"June 4, 2025",Healthcare and social services occupations (Version 2),500,504,"Federal Skilled Worker Program, Canadian Experience Class and Federal Skilled Trades Program","June 04, 2025 at 13:54:24 UTC"
348,2025-06-02,"June 2, 2025",Provincial Nominee Program,277,726,Provincial Nominee Program,"June 02, 2025 at 17:04:42 UTC"
347,2025-05-13,"May 13, 2025",Canadian Experience Class,500,547,Canadian Experience Class,"May 13, 2025 at 14:57:30 UTC"
346,2025-05-12,"May 12, 2025",Provincial Nominee Program,511,706,Provincial Nominee Program,"May 12, 2025 at 14:14:40 UTC"
345,2025-05-02,"May 2, 2025",Healthcare and social services occupations (Version 2),500,510,"Federal Skilled Worker Program, Canadian Experience Class and Federal Skilled Trades Program","May 02, 2025 at 16:14:46 UTC"
344,2025-05-01,"May 1, 2025",Education occupations (Version 1),"1,000",479,"Federal Skilled Worker Program, Canadian Experience Class and Federal Skilled Trades Program","May 01, 2025 at 16:02:30 UTC"
343,2025-04-28,"April 28, 2025",Provincial Nominee Program,421,727,Provincial Nominee Program,"April 28, 2025 at 14:18:27 UTC"
342,2025-04-14,"April 14, 2025",Provincial Nominee Program,825,764,Provincial Nominee Program,"April 14, 2025 at 13:49:47 UTC"
341,2025-03-21,"March 21, 2025",French language proficiency (Version 1),"7,500",379,"Federal Skilled Worker Program, Canadian Experience Class and Federal Skilled Trades Program","March 21, 2025 at 14:41:58 UTC"
340,2025-03-17,"March 17, 2025",Provincial Nominee Program,536,736,Provincial Nominee Program,"March 17, 2025 at 15:33:36 UTC"
339,2025-03-06,"March 6, 2025",French language proficiency (Version 1),"4,500",410,"Federal Skilled Worker Program, Canadian Experience Class and Federal Skilled Trades Program","March 06, 2025 at 16:21:58 UTC"
338,2025-03-03,"March 3, 2025",Provincial Nominee Program,725,667,Provincial Nominee Program,"March 03, 2025 at 15:15:56 UTC"
337,2025-02-19,"February 19, 2025",French language proficiency (Version 1),"6,500",428,"Federal Skilled Worker Program, Canadian Experience Class and Federal Skilled Trades Program","February 19, 2025 at 16:18:12 UTC"
336,2025-02-17,"February 17, 2025",Provincial Nominee Program,646,750,Provincial Nominee Program,"February 17, 2025 at 14:42:17 UTC"
335,2025-02-05,"February 5, 2025",Canadian Experience Class,"4,000",521,Canadian Experience Class,"February 05, 2025 at 15:34:00 UTC"
334,2025-02-04,"February 4, 2025",Provincial Nominee Program,455,802,Provincial Nominee Program,"February 04, 2025 at 16:23:47 UTC"
333,2025-01-23,"January 23, 2025",Canadian Experience Class,"4,000",527,Canadian Experience Class,"January 23, 2025 at 2025-01-23 15:30:04 UTC"
332,2025-01-08,"January 8, 2025",Canadian Experience Class,"1,350",542,Canadian Experience Class,"January 08, 2025 at 16:02:18 UTC"
331,2025-01-07,"January 7, 2025",Provincial Nominee Program,471,793,Provincial Nominee Program,"January 7, 2025 at 16:06:45 UTC"
330,2024-12-16,"December 16, 2024",Provincial Nominee Program,"1,085",727,Provincial Nominee Program,"December 16, 2024 at 15:13:20 UTC"
329,2024-12-03,"December 3, 2024",French language proficiency (Version 1),800,466,"Federal Skilled Worker Program, Canadian Experience Class and Federal Skilled Trades Program","December 03, 2024 at 15:44:17 UTC"
328,2024-12-02,"December 2, 2024",Provincial Nominee Program,676,705,Provincial Nominee Program,"December 02, 2024 at 15:37:54 UTC"
327,2024-11-20,"November 20, 2024",Healthcare occupations (Version 1),"3,000",463,"Federal Skilled Worker Program, Canadian Experience Class and Federal Skilled Trades Program","November 20, 2024 at 15:06:25 UTC"
326,2024-11-19,"November 19, 2024",Canadian Experience Class,400,539,Canadian Experience Class,"November 19, 2024 at 14:38:41 UTC"
325,2024-11-18,"November 18, 2024",Provincial Nominee Program,174,816,Provincial Nominee Program,"November 18, 2024 at 15:50:45 UTC"
324,2024-11-15,"November 15, 2024",French language proficiency (Version 1),800,478,"Federal Skilled Worker Program, Canadian Experience Class and Federal Skilled Trades Program","November 15, 2024 at 13:37:27 UTC"
323,2024-11-13,"November 13, 2024",Canadian Experience Class,400,547,Canadian Experience Class,"November 13, 2024 at 15:58:05 UTC"
322,2024-11-12,"November 12, 2024",Provincial Nominee Program,733,812,Provincial Nominee Program,"November 12, 2024 at 16:12:30 UTC"
321,2024-10-23,"October 23, 2024",Trade occupations (Version 1),"1,800",433,"Federal Skilled Worker Program, Canadian Experience Class and Federal Skilled Trades Program","October 23, 2024 at 14:48:28 UTC"
320,2024-10-22,"October 22, 2024",Canadian Experience Class,400,539,Canadian Experience Class,"October 22, 2024 at 14:07:18 UTC"
319,2024-10-21,"October 21, 2024",Provincial Nominee Program,648,791,Provincial Nominee Program,"October 21, 2024 at 15:12:14 UTC"
318,2024-10-10,"October 10, 2024",French language proficiency (Version 1),"1,000",444,"Federal Skilled Worker Program, Canadian Experience Class and Federal Skilled Trades Program","October 10, 2024 at 15:45:35 UTC"
317,2024-10-09,"October 9, 2024",Canadian Experience Class,500,539,Canadian Experience Class,"October 09, 2024 at 14:22:23 UTC"
316,2024-10-07,"October 7, 2024",Provincial Nominee Program,"1,613",743,Provincial Nominee Program,"October 7, 2024 at 15:02:50 UTC"
315,2024-09-19,"September 19, 2024",Canadian Experience Class,"4,000",509,Canadian Experience Class,"September 19, 2024 at 13:12:22 UTC"
314,2024-09-13,"September 13, 2024",French language proficiency (Version 1),"1,000",446,"Federal Skilled Worker Program, Canadian Experience Class and Federal Skilled Trades Program","September 13, 2024 at 13:38:58 UTC"
313,2024-09-09,"September 9, 2024",Provincial Nominee Program,911,732,Provincial Nominee Program,"September 09, 2024 at 15:42:40 UTC"
312,2024-08-27,"August 27, 2024",Canadian Experience Class,"3,300",507,Canadian Experience Class,"August 27, 2024 at 17:44:02 UTC"
311,2024-08-26,"August 26, 2024",Provincial Nominee Program,"1,121",694,Provincial Nominee Program,"August 26, 2024 at 14:46:49 UTC"
310,2024-08-15,"August 15, 2024",French language proficiency (Version 1),"2,000",394,"Federal Skilled Worker Program, Canadian Experience Class and Federal Skilled Trades Program","August 15, 2024 at 2024-08-15 15:11:54 UTC"
309,2024-08-14,"August 14, 2024",Canadian Experience Class,"3,200",509,Canadian Experience Class,"August 14, 2024 at 14:04:45 UTC"
308,2024-08-13,"August 13, 2024",Provincial Nominee Program,763,690,Provincial Nominee Program,"August 13, 2024 at 14:57:21 UTC"
307,2024-07-31,"July 31, 2024",Canadian Experience Class,"5,000",510,Canadian Experience Class,"July 31, 2024 at 14:48:13 UTC"
306,2024-07-30,"July 30, 2024",Provincial Nominee Program,964,686,Provincial Nominee Program,"July 30, 2024 at 15:25:21 UTC"
305,2024-07-18,"July 18, 2024",French language proficiency (Version 1),"1,800",400,"Federal Skilled Worker Program, Canadian Experience Class and Federal Skilled Trades Program","July 18, 2024 at 14:58:28 UTC"
304,2024-07-17,"July 17, 2024",Canadian Experience Class,"6,300",515,Canadian Experience Class,"July 17, 2024 at 16:17:31 UTC"
303,2024-07-16,"July 16, 2024",Provincial Nominee Program,"1,391",670,Provincial Nominee Program,"July 16, 2024 at 15:39:40 UTC"
302,2024-07-08,"July 8, 2024",French language proficiency (Version 1),"3,200",420,"Federal Skilled Worker Program, Canadian Experience Class and Federal Skilled Trades Program","July 08, 2024 at 14:01:33 UTC"
301,2024-07-05,"July 5, 2024",Healthcare occupations (Version 1),"3,750",445,"Federal Skilled Worker Program, Canadian Experience Class and Federal Skilled Trades Program","July 05, 2024 at 16:03:12 UTC"
300,2024-07-04,"July 4, 2024",Trade occupations (Version 1),"1,800",436,"Federal Skilled Worker Program, Canadian Experience Class and Federal Skilled Trades Program","July 4, 2024 at 13:30:48 UTC"
299,2024-07-02,"July 2, 2024",Provincial Nominee Program,920,739,Provincial Nominee Program,"July 2, 2024 at 15:12:05 UTC"
298,2024-06-19,"June 19, 2024",Provincial Nominee Program,"1,499",663,Provincial Nominee Program,"June 19, 2024 at 14:37:26 UTC"
297,2024-05-31,"May 31, 2024",Canadian Experience Class,"3,000",522,Canadian Experience Class,"May 31, 2024 at12:48:30 UTC"
296,2024-05-30,"May 30, 2024",Provincial Nominee Program,"2,985",676,Provincial Nominee Program,"May 30, 2024 at 14:59:31 UTC"
295,2024-04-24,"April 24, 2024",French language proficiency (Version 1),"1,400",410,"Federal Skilled Worker Program, Canadian Experience Class and Federal Skilled Trades Program","April 24, 2024 at 14:10:42 UTC"
294,2024-04-23,"April 23, 2024",General,"2,095",529,"Federal Skilled Worker Program, Canadian Experience Class, Federal Skilled Trades Program and Provincial Nominee Program","April 23, 2024 at 16:54:59 UTC"
293,2024-04-11,"April 11, 2024",STEM occupations (Version 1),"4,500",491,"Federal Skilled Worker Program, Canadian Experience Class and Federal Skilled Trades Program","April 11, 2024 at 13:23:42 UTC"
292,2024-04-10,"April 10, 2024",General,"1,280",549,"Federal Skilled Worker Program, Canadian Experience Class, Federal Skilled Trades Program and Provincial Nominee Program","April 10, 2024 at 13:11:33 UTC"
291,2024-03-26,"March 26, 2024",French language proficiency (Version 1),"1,500",388,"Federal Skilled Worker Program, Canadian Experience Class and Federal Skilled Trades Program","March 26, 2024 at 15:59:36 UTC"
290,2024-03-25,"March 25, 2024",General,"1,980",524,"Federal Skilled Worker Program, Canadian Experience Class, Federal Skilled Trades Program and Provincial Nominee Program","March 25, 2024 at 17:45:49 UTC"
289,2024-03-13,"March 13, 2024",Transport occupations (Version 1),975,430,"Federal Skilled Worker Program, Canadian Experience Class and Federal Skilled Trades Program","March 13, 2024 at 16:16:01 UTC"
288,2024-03-12,"March 12, 2024",General,"2,850",525,"Federal Skilled Worker Program, Canadian Experience Class, Federal Skilled Trades Program and Provincial Nominee Program","March 12, 2024 at 14:57:26 UTC"
287,2024-02-29,"February 29, 2024",French language proficiency (Version 1),"2,500",336,"Federal Skilled Worker Program, Canadian Experience Class and Federal Skilled Trades Program","February 29, 2024 at 15:58:53 UTC"
286,2024-02-28,"February 28, 2024",General,"1,470",534,"Federal Skilled Worker Program, Canadian Experience Class, Federal Skilled Trades Program and Provincial Nominee Program","February 28, 2024 at 14:57:26 UTC"
285,2024-02-16,"February 16, 2024",Agriculture and agri-food occupations (Version 1),150,437,"Federal Skilled Worker Program, Canadian Experience Class and Federal Skilled Trades Program","February 16, 2024 at 15:18:05 UTC"
284,2024-02-14,"February 14, 2024",Healthcare occupations (Version 1),"3,500",422,"Federal Skilled Worker Program, Canadian Experience Class and Federal Skilled Trades Program","February 14, 2024 at 15:50:22 UTC"
283,2024-02-13,"February 13, 2024",General,"1,490",535,"Federal Skilled Worker Program, Canadian Experience Class, Federal Skilled Trades Program and Provincial Nominee Program","February 13, 2024 at 14:18:53 UTC"
282,2024-02-01,"February 1, 2024",French language proficiency (Version 1),"7,000",365,"Federal Skilled Worker Program, Canadian Experience Class and Federal Skilled Trades Program","February 01, 2024 at 16:36:01 UTC"
281,2024-01-31,"January 31, 2024",General,730,541,"Federal Skilled Worker Program, Canadian Experience Class, Federal Skilled Trades Program and Provincial Nominee Program","January 31, 2024 at 15:18:02 UTC"
280,2024-01-23,"January 23, 2024",General,"1,040",543,"Federal Skilled Worker Program, Canadian Experience Class, Federal Skilled Trades Program and Provincial Nominee Program","January 23, 2024 at 16:08:03 UTC"
279,2024-01-10,"January 10, 2024",General,"1,510",546,"Federal Skilled Worker Program, Canadian Experience Class, Federal Skilled Trades Program and Provincial Nominee Program","January 10, 2024 at 16:59:13 UTC"
278,2023-12-21,"December 21, 2023",Agriculture and agri-food occupations (Version 1),400,386,"Federal Skilled Worker Program, Canadian Experience Class and Federal Skilled Trades Program","December 21, 2023 at 14:15:42 UTC"
277,2023-12-20,"December 20, 2023",Transport occupations (Version 1),670,435,"Federal Skilled Worker Program, Canadian Experience Class and Federal Skilled Trades Program","December 20, 2023 at 15:55:23 UTC"
276,2023-12-19,"December 19, 2023",Trade occupations (Version 1),"1,000",425,"Federal Skilled Worker Program, Canadian Experience Class and Federal Skilled Trades Program","December 19, 2023 at 14:44:00 UTC"
275,2023-12-18,"December 18, 2023",General,"1,325",542,"Federal Skilled Worker Program, Canadian Experience Class, Federal Skilled Trades Program and Provincial Nominee Program","December 18, 2023 at 16:12:22 UTC"
274,2023-12-08,"December 8, 2023",STEM occupations (Version 1),"5,900",481,"Federal Skilled Worker Program, Canadian Experience Class and Federal Skilled Trades Program","December 08, 2023 at 03:02:52 UTC"
273,2023-12-07,"December 7, 2023",French language proficiency (Version 1),"1,000",470,"Federal Skilled Worker Program, Canadian Experience Class and Federal Skilled Trades Program","December 07, 2023 at 16:35:25 UTC"
272,2023-12-06,"December 6, 2023",General,"4,750",561,"Federal Skilled Worker Program, Canadian Experience Class, Federal Skilled Trades Program and Provincial Nominee Program","December 6, 2023 at 16:27:26 UTC"
271,2023-10-26,"October 26, 2023",Healthcare occupations (Version 1),"3,600",431,"Federal Skilled Worker Program, Canadian Experience Class and Federal Skilled Trades Program","October 26, 2023 at 13:28:39 UTC"
270,2023-10-25,"October 25, 2023",French language proficiency (Version 1),300,486,"Federal Skilled Worker Program, Canadian Experience Class and Federal Skilled Trades Program","October 25, 2023 at 15:48:39 AM UTC"
269,2023-10-24,"October 24, 2023",Provincial Nominee Program,"1,548",776,Provincial Nominee Program,"October 24, 2023 at 14:23:38 UTC"
268,2023-10-10,"October 10, 2023",No Program Specified,"3,725",500,"Federal Skilled Worker Program, Canadian Experience Class, Federal Skilled Trades Program and Provincial Nominee Program","October 10, 2023 at 15:49:55 UTC"
267,2023-09-28,"September 28, 2023",Agriculture and agri-food occupations (Version 1),600,354,"Federal Skilled Worker Program, Canadian Experience Class and Federal Skilled Trades Program","September 28, 2023 at 16:45:09 UTC"
266,2023-09-27,"September 27, 2023",French language proficiency (Version 1),500,472,"Federal Skilled Worker Program, Canadian Experience Class and Federal Skilled Trades Program","September 27, 2023 at 14:17:04 UTC"
265,2023-09-26,"September 26, 2023",No Program Specified,"3,000",504,"Federal Skilled Worker Program, Canadian Experience Class, Federal Skilled Trades Program and Provincial Nominee Program","September 26, 2023 at 13:38:55 UTC"
264,2023-09-20,"September 20, 2023",Transport occupations (Version 1),"1,000",435,"Federal Skilled Worker Program, Canadian Experience Class and Federal Skilled Trades Program","September 20, 2023 at 14:04:14 UTC"
263,2023-09-19,"September 19, 2023",No Program Specified,"3,200",531,"Federal Skilled Worker Program, Canadian Experience Class, Federal Skilled Trades Program and Provincial Nominee Program","September 19, 2023 at 15:04:11 UTC"
262,2023-08-15,"August 15, 2023",No Program Specified,"4,300",496,"Federal Skilled Worker Program, Canadian Experience Class, Federal Skilled Trades Program and Provincial Nominee Program","August 15, 2023 at 14:23:51 UTC"
261,2023-08-03,"August 3, 2023",Trade occupations (Version 1),"1,500",388,"Federal Skilled Worker Program, Canadian Experience Class and Federal Skilled Trades Program","August 03, 2023 at 13:24:52 UTC"
260,2023-08-02,"August 2, 2023",French language proficiency (Version 1),800,435,"Federal Skilled Worker Program, Canadian Experience Class and Federal Skilled Trades Program","August 02, 2023 at 13:50:04 UTC"
259,2023-08-01,"August 1, 2023",No Program Specified,"2,000",517,"Federal Skilled Worker Program, Canadian Experience Class, Federal Skilled Trades Program and Provincial Nominee Program","August 01, 2023 at 13:25:02 UTC"
258,2023-07-12,"July 12, 2023",French language proficiency (Version 1),"3,800",375,"Federal Skilled Worker Program, Canadian Experience Class and Federal Skilled Trades Program","July 12, 2023 at 13:36:01 UTC"
257,2023-07-11,"July 11, 2023",No Program Specified,800,505,"Federal Skilled Worker Program, Canadian Experience Class, Federal Skilled Trades Program and Provincial Nominee Program","July 11, 2023 at 17:53:49 UTC"
256,2023-07-07,"July 7, 2023",French language proficiency (Version 1),"2,300",439,"Federal Skilled Worker Program, Canadian Experience Class and Federal Skilled Trades Program","July 07, 2023 at 13:11:16 UTC"
255,2023-07-06,"July 6, 2023",Healthcare occupations (Version 1),"1,500",463,"Federal Skilled Worker Program, Canadian Experience Class and Federal Skilled Trades Program","July 06, 2023 14:25:05 UTC"
254,2023-07-05,"July 5, 2023",STEM occupations (Version 1),500,486,"Federal Skilled Worker Program, Canadian Experience Class and Federal Skilled Trades Program","July 05, 2023 13:38:22 UTC"
253,2023-07-04,"July 4, 2023",No Program Specified,700,511,"Federal Skilled Worker Program, Canadian Experience Class, Federal Skilled Trades Program and Provincial Nominee Program","July 04, 2023 14:23:38 UTC"
252,2023-06-28,"June 28, 2023",Healthcare occupations (Version 1),500,476,"Federal Skilled Worker Program, Canadian Experience Class and Federal Skilled Trades Program","June 28, 2023 14:04:34 UTC"
251,2023-06-27,"June 27, 2023",No Program Specified,"4,300",486,"Federal Skilled Worker, Canadian Experience Class, Federal Skilled Trades and Provincial Nominee Program","June 27, 2023 15:37:46 UTC"
250,2023-06-08,"June 8, 2023",No Program Specified,"4,800",486,"Federal Skilled Worker, Canadian Experience Class, Federal Skilled Trades and Provincial Nominee Program","June 08, 2023 12:08:58 UTC"
249,2023-05-24,"May 24, 2023",No Program Specified,"4,800",488,"Federal Skilled Worker, Canadian Experience Class, Federal Skilled Trades and Provincial Nominee Program","May 24, 2023 14:23:06 UTC"
248,2023-05-10,"May 10, 2023",Provincial Nominee Program,589,691,Provincial Nominee Program,"May 10, 2023 at 14:06:47 UTC"
247,2023-04-26,"April 26, 2023",No Program Specified,"3,500",483,"Federal Skilled Worker, Canadian Experience Class, Federal Skilled Trades and Provincial Nominee Program","April 26,2023 18:10:04 UTC"
246,2023-04-12,"April 12, 2023",No Program Specified,"3,500",486,"Federal Skilled Worker, Canadian Experience Class, Federal Skilled Trades and Provincial Nominee Program","April 12, 2023 14:12:15 UTC"
245,2023-03-29,"March 29, 2023",No Program Specified,"7,000",481,"Federal Skilled Worker, Canadian Experience Class, Federal Skilled Trades and Provincial Nominee Program","March 29, 2023 13:44:01 UTC"
244,2023-03-23,"March 23, 2023",No Program Specified,"7,000",484,"Federal Skilled Worker, Canadian Experience Class, Federal Skilled Trades and Provincial Nominee Program","March 23,2023 12:27:59 UTC"
243,2023-03-15,"March 15, 2023",No Program Specified,"7,000",490,"Federal Skilled Worker, Canadian Experience Class, Federal Skilled Trades and Provincial Nominee Program","March 15, 2023 17:08:16 UTC"
242,2023-03-01,"March 1, 2023",Provincial Nominee Program,667,748,Provincial Nominee Program,"March 01, 2023, at 17:24:39 UTC"
241,2023-02-15,"February 15, 2023",Provincial Nominee Program,699,791,Provincial Nominee Program,"February 15, 2023, at 16:13:27 UTC"
240,2023-02-02,"February 2, 2023",Federal Skilled Worker,"3,300",489,Federal Skilled Worker,"February 02, 2023, at 15:12:01 UTC"
239,2023-02-01,"February 1, 2023",Provincial Nominee Program,893,733,Provincial Nominee Program,"February 01, 2023, at 16:05:57 UTC"
238,2023-01-18,"January 18, 2023",No Program Specified,"5,500",490,"Federal Skilled Worker, Canadian Experience Class, Federal Skilled Trades and Provincial Nominee Program","January 18, 2023 16:13:57 UTC"
237,2023-01-11,"January 11, 2023",No Program Specified,"5,500",507,"Federal Skilled Worker, Canadian Experience Class, Federal Skilled Trades and Provincial Nominee Program","January 11, 2023 16:14:19 UTC"
236,2022-11-23,"November 23, 2022",No Program Specified,"4,750",491,"Federal Skilled Worker, Canadian Experience Class, Federal Skilled Trades and Provincial Nominee Program","November 23, 2022 15:42:46 UTC"
235,2022-11-09,"November 9, 2022",No Program Specified,"4,750",494,"Federal Skilled Worker, Canadian Experience Class, Federal Skilled Trades and Provincial Nominee Program","November 09, 2022 14:21:26 UTC"
234,2022-10-26,"October 26, 2022",No Program Specified,"4,750",496,"Federal Skilled Worker, Canadian Experience Class, Federal Skilled Trades and Provincial Nominee Program","October 26, 2022 13:05:36 UTC"
233,2022-10-12,"October 12, 2022",No Program Specified,"4,250",500,"Federal Skilled Worker, Canadian Experience Class, Federal Skilled Trades and Provincial Nominee Program","October 12, 2022 14:13:11 UTC"
232,2022-09-28,"September 28, 2022",No Program Specified,"3,750",504,"Federal Skilled Worker, Canadian Experience Class, Federal Skilled Trades and Provincial Nominee Program","September 28, 2022 at 13:52:35 UTC"
231,2022-09-14,"September 14, 2022",No Program Specified,"3,250",510,"Federal Skilled Worker, Canadian Experience Class, Federal Skilled Trades and Provincial Nominee Program","September 14, 2022 at 13:29:26 UTC"
230,2022-08-31,"August 31, 2022",No Program Specified,"2,750",516,"Federal Skilled Worker, Canadian Experience Class, Federal Skilled Trades and Provincial Nominee Program","August 31, 2022 at 13:55:23 UTC"
229,2022-08-17,"August 17, 2022",No Program Specified,"2,250",525,"Federal Skilled Worker, Canadian Experience Class, Federal Skilled Trades and Provincial Nominee Program","August 17, 2022 at 13:43:47 UTC"
228,2022-08-03,"August 3, 2022",No Program Specified,"2,000",533,"Federal Skilled Worker, Canadian Experience Class, Federal Skilled Trades and Provincial Nominee Program","August 03, 2022 at 15:16:24 UTC"
227,2022-07-20,"July 20, 2022",No Program Specified,"1,750",542,"Federal Skilled Worker, Canadian Experience Class, Federal Skilled Trades and Provincial Nominee Program","July 20, 2022 at 16:32:49 UTC"
226,2022-07-06,"July 6, 2022",No Program Specified,"1,500",557,"Federal Skilled Worker, Canadian Experience Class, Federal Skilled Trades and Provincial Nominee Program","July 6, 2022 at 14:34:34 UTC"
225,2022-06-22,"June 22, 2022",Provincial Nominee Program,636,752,Provincial Nominee Program,"June 22, 2022 at 14:13:57 UTC"
224,2022-06-08,"June 8, 2022",Provincial Nominee Program,932,796,Provincial Nominee Program,"June 08, 2022 at 14:03:28 UTC"
223,2022-05-25,"May 25, 2022",Provincial Nominee Program,590,741,Provincial Nominee Program,"May 25, 2022 at 13:21:23 UTC"
222,2022-05-11,"May 11, 2022",Provincial Nominee Program,545,753,Provincial Nominee Program,"May 11, 2022 at 14:08:07 UTC"
221,2022-04-27,"April 27, 2022",Provincial Nominee Program,829,772,Provincial Nominee Program,"April 27, 2022 16:04:21 UTC"
220,2022-04-13,"April 13, 2022",Provincial Nominee Program,787,782,Provincial Nominee Program,"April 13, 2022 at 14:13:01 UTC"
219,2022-03-30,"March 30, 2022",Provincial Nominee Program,919,785,Provincial Nominee Program,"March 30, 2022 at 15:41:09 UTC"
218,2022-03-16,"March 16, 2022",Provincial Nominee Program,924,754,Provincial Nominee Program,"March 16, 2022 at 14:59:09 UTC"
217,2022-03-02,"March 2, 2022",Provincial Nominee Program,"1,047",761,Provincial Nominee Program,"March 02, 2022 at 14:05:52 UTC"
216,2022-02-16,"February 16, 2022",Provincial Nominee Program,"1,082",710,Provincial Nominee Program,"February 16, 2022 at 14:36:05 UTC"
215,2022-02-02,"February 2, 2022",Provincial Nominee Program,"1,070",674,Provincial Nominee Program,February 02 2022 at 14:16:27 UTC
214,2022-01-19,"January 19, 2022",Provincial Nominee Program,"1,036",745,Provincial Nominee Program,"January 19, 2022 at 14:39:22 UTC"
213,2022-01-05,"January 5, 2022",Provincial Nominee Program,392,808,Provincial Nominee Program,"January 05, 2022 at 15:50:48 UTC"
212,2021-12-22,"December 22, 2021",Provincial Nominee Program,746,720,Provincial Nominee Program,"December 22, 2021 at 16:27:24 UTC"
211,2021-12-10,"December 10, 2021",Provincial Nominee Program,"1,032",698,Provincial Nominee Program,"December 10, 2021 at 13:53:48 UTC"
210,2021-11-24,"November 24, 2021",Provincial Nominee Program,613,737,Provincial Nominee Program,"November 24, 2021 at 14:01:44 UTC"
209,2021-11-10,"November 10, 2021",Provincial Nominee Program,775,685,Provincial Nominee Program,"November 10, 2021 at 17:02:21 UTC"
208,2021-10-27,"October 27, 2021",Provincial Nominee Program,681,744,Provincial Nominee Program,"October 27, 2021 at 13:32:26 UTC"
207,2021-10-13,"October 13, 2021",Provincial Nominee Program,681,720,Provincial Nominee Program,"October 13, 2021 at 13:13:38 UTC"
206,2021-09-29,"September 29, 2021",Provincial Nominee Program,761,742,Provincial Nominee Program,"September 29, 2021 at 13:17:49 UTC"
205,2021-09-15,"September 15, 2021",Provincial Nominee Program,521,732,Provincial Nominee Program,"September 15, 2021 at 14:59:17 UTC"
204,2021-09-14,"September 14, 2021",Canadian Experience Class,"2,000",462,Canadian Experience Class,"September 14, 2021 at 13:06:02 UTC"
203,2021-09-01,"September 1, 2021",Provincial Nominee Program,635,764,Provincial Nominee Program,"September 01, 2021 at 13:34:47 UTC"
202,2021-08-19,"August 19, 2021",Canadian Experience Class,"3,000",403,Canadian Experience Class,"August 19, 2021 at 13:25:22 UTC"
201,2021-08-18,"August 18, 2021",Provincial Nominee Program,463,751,Provincial Nominee Program,"August 18, 2021 at 14:10:39 UTC"
200,2021-08-05,"August 5, 2021",Canadian Experience Class,"3,000",404,Canadian Experience Class,"August 5, 2021 at 13:11:37 UTC"
199,2021-08-04,"August 4, 2021",Provincial Nominee Program,512,760,Provincial Nominee Program,"August 4, 2021 at 13:33:36 UTC"
198,2021-07-22,"July 22, 2021",Canadian Experience Class,"4,500",357,Canadian Experience Class,"July 22, 2021 at 14:02:32 UTC"
197,2021-07-21,"July 21, 2021",Provincial Nominee Program,462,734,Provincial Nominee Program,"July 21, 2021 at 13:01:45 UTC"
196,2021-07-08,"July 8, 2021",Canadian Experience Class,"4,500",369,Canadian Experience Class,"July 08, 2021 at 14:02:45 UTC"
195,2021-07-07,"July 7, 2021",Provincial Nominee Program,627,760,Provincial Nominee Program,"July 7, 2021 at 13:17:37 UTC"
194,2021-06-24,"June 24, 2021",Canadian Experience Class,"6,000",357,Canadian Experience Class,"June 24, 2021 at 14:39:59 UTC"
193,2021-06-23,"June 23, 2021",Provincial Nominee Program,"1,002",742,Provincial Nominee Program,"June 23, 2021 at 15:41:38 UTC"
192,2021-06-10,"June 10, 2021",Canadian Experience Class,"6,000",368,Canadian Experience Class,"June 10, 2021 at 12:29:11 UTC"
191,2021-06-09,"June 9, 2021",Provincial Nominee Program,940,711,Provincial Nominee Program,"June 09, 2021 at 13:16:30 UTC"
190,2021-05-31,"May 31, 2021",Canadian Experience Class,"5,956",380,Canadian Experience Class,"May 31, 2021 at 13:19:23 UTC"
189,2021-05-26,"May 26, 2021",Provincial Nominee Program,500,713,Provincial Nominee Program,"May 26, 2021 at 10:41:44 UTC"
188,2021-05-20,"May 20, 2021",Canadian Experience Class,"1,842",397,Canadian Experience Class,"May 20, 2021 at 10:10:54 UTC"
187,2021-05-13,"May 13, 2021",Canadian Experience Class,"4,147",401,Canadian Experience Class,"May 13, 2021 at 16:50:04 UTC"
186,2021-05-12,"May 12, 2021",Provincial Nominee Program,557,752,Provincial Nominee Program,"May 12, 2021 at 10:28:53 UTC"
185,2021-04-29,"April 29, 2021",Canadian Experience Class,"6,000",400,Canadian Experience Class,"April 29, 2021 at 10:34:05 UTC"
184,2021-04-28,"April 28, 2021",Provincial Nominee Program,381,717,Provincial Nominee Program,"April 28, 2021 at 11:00:02 UTC"
183,2021-04-16,"April 16, 2021",Canadian Experience Class,"6,000",417,Canadian Experience Class,"April 16, 2021 at 21:35:52 UTC"
182,2021-04-14,"April 14, 2021",Provincial Nominee Program,266,753,Provincial Nominee Program,"April 14, 2021 at 11:01:51 UTC"
181,2021-04-01,"April 1, 2021",Canadian Experience Class,"5,000",432,Canadian Experience Class,"April 1, 2021 at 11:04:53 UTC"
180,2021-03-31,"March 31, 2021",Provincial Nominee Program,284,778,Provincial Nominee Program,"March 31, 2021 at 11:21:22 UTC"
179,2021-03-18,"March 18, 2021",Canadian Experience Class,"5,000",449,Canadian Experience Class,"March 18, 2021 at 11:30:56 UTC"
178,2021-03-17,"March 17, 2021",Provincial Nominee Program,183,682,Provincial Nominee Program,"March 17, 2021 at 11:49:48 UTC"
177,2021-03-08,"March 8, 2021",Provincial Nominee Program,671,739,Provincial Nominee Program,"March 08, 2021 at 13:53:21 UTC"
176,2021-02-13,"February 13, 2021",Canadian Experience Class,"27,332",75,Canadian Experience Class,"February 13, 2021 at 11:56:56 UTC"
175,2021-02-10,"February 10, 2021",Provincial Nominee Program,654,720,Provincial Nominee Program,"February 10, 2021 at 14:31:18 UTC"
174,2021-01-21,"January 21, 2021",Canadian Experience Class,"4,626",454,Canadian Experience Class,"January 21, 2021 at 14:22:20 UTC"
173,2021-01-20,"January 20, 2021",Provincial Nominee Program,374,741,Provincial Nominee Program,"January 20, 2021 at 14:13:12 UTC"
172,2021-01-07,"January 7, 2021",Canadian Experience Class,"4,750",461,Canadian Experience Class,"January 7, 2021 at 14:15:32 UTC"
171,2021-01-06,"January 6, 2021",Provincial Nominee Program,250,813,Provincial Nominee Program,"January 6, 2021 at 14:39:02 UTC"
170,2020-12-23,"December 23, 2020",No Program Specified,"5,000",468,"Federal Skilled Worker, Canadian Experience Class, Federal Skilled Trades and Provincial Nominee Program","December 23, 2020 at 14:40:08 UTC"
169,2020-12-09,"December 9, 2020",No Program Specified,"5,000",469,"Federal Skilled Worker, Canadian Experience Class, Federal Skilled Trades and Provincial Nominee Program","December 9, 2020 at 14:30:47 UTC"
168,2020-11-25,"November 25, 2020",No Program Specified,"5,000",469,"Federal Skilled Worker, Canadian Experience Class, Federal Skilled Trades and Provincial Nominee Program","November 25, 2020 at 13:04:56 UTC"
167,2020-11-18,"November 18, 2020",No Program Specified,"5,000",472,"Federal Skilled Worker, Canadian Experience Class, Federal Skilled Trades and Provincial Nominee Program","November 18, 2020 at 15:27:32 UTC"
166,2020-11-05,"November 5, 2020",No Program Specified,"4,500",478,"Federal Skilled Worker, Canadian Experience Class, Federal Skilled Trades and Provincial Nominee Program","November 5, 2020 at 12:17:58 UTC"
165,2020-10-14,"October 14, 2020",No Program Specified,"4,500",471,"Federal Skilled Worker, Canadian Experience Class, Federal Skilled Trades and Provincial Nominee Program","October 14, 2020 at 13:03:22 UTC"
164,2020-09-30,"September 30, 2020",No Program Specified,"4,200",471,"Federal Skilled Worker, Canadian Experience Class, Federal Skilled Trades and Provincial Nominee Program","September 30, 2020 at 12:37:25 UTC"
163,2020-09-16,"September 16, 2020",No Program Specified,"4,200",472,"Federal Skilled Worker, Canadian Experience Class, Federal Skilled Trades and Provincial Nominee Program","September 16, 2020 at 07:25:09 UTC"
162,2020-09-02,"September 2, 2020",No Program Specified,"4,200",475,"Federal Skilled Worker, Canadian Experience Class, Federal Skilled Trades and Provincial Nominee Program","September 2, 2020 at 14:17:32 UTC"
161,2020-08-20,"August 20, 2020",Canadian Experience Class,"3,300",454,Canadian Experience Class,"August 20, 2020 at 11:10:05 UTC"
160,2020-08-19,"August 19, 2020",Provincial Nominee Program,600,771,Provincial Nominee Program,"August 19, 2020 at 12:41:09 UTC"
159,2020-08-06,"August 6, 2020",Federal Skilled Trades,250,415,Federal Skilled Trades,"August 6, 2020 at 13:46:53 UTC"
158,2020-08-05,"August 5, 2020",No Program Specified,"3,900",476,"Federal Skilled Worker, Canadian Experience Class, Federal Skilled Trades and Provincial Nominee Program","August 5, 2020 at 13:10:05 UTC"
157,2020-07-23,"July 23, 2020",Canadian Experience Class,"3,343",445,Canadian Experience Class,"July 23, 2020 at 12:24:39 UTC"
156,2020-07-22,"July 22, 2020",Provincial Nominee Program,557,687,Provincial Nominee Program,"July 22, 2020 at 12:15:22 UTC"
155,2020-07-08,"July 8, 2020",No Program Specified,"3,900",478,"Federal Skilled Worker, Canadian Experience Class, Federal Skilled Trades and Provincial Nominee Program","July 8, 2020 at 13:08:41 UTC"
154,2020-06-25,"June 25, 2020",Canadian Experience Class,"3,508",431,Canadian Experience Class,"June 25, 2020 at 11:29:27 UTC"
153,2020-06-24,"June 24, 2020",Provincial Nominee Program,392,696,Provincial Nominee Program,"June 24, 2020 at 11:24:10 UTC"
152,2020-06-11,"June 11, 2020",Canadian Experience Class,"3,559",437,Canadian Experience Class,"June 11, 2020 at 13:33:58 UTC"
151,2020-06-10,"June 10, 2020",Provincial Nominee Program,341,743,Provincial Nominee Program,"June 10, 2020 at 13:49:43 UTC"
150,2020-05-28,"May 28, 2020",Canadian Experience Class,"3,515",440,Canadian Experience Class,"May 28, 2020 at 11:35:51 UTC"
149,2020-05-27,"May 27, 2020",Provincial Nominee Program,385,757,Provincial Nominee Program,"May 27, 2020 at 11:37:30 UTC"
148,2020-05-14,"May 14, 2020",Canadian Experience Class,"3,371",447,Canadian Experience Class,"May 15, 2020 at 12:46:53 UTC"
147,2020-05-13,"May 13, 2020",Provincial Nominee Program,529,718,Provincial Nominee Program,"May 13, 2020 at 13:11:44 UTC"
146,2020-04-30,"April 30, 2020",Canadian Experience Class,"3,311",452,Canadian Experience Class,"May 1, 2020 at 11:33:47 UTC"
145,2020-04-29,"April 29, 2020",Provincial Nominee Program,589,692,Provincial Nominee Program,"April 29, 2020 at 11:17:20 UTC"
144,2020-04-16,"April 16, 2020",Canadian Experience Class,"3,782",455,Canadian Experience Class,"April 16, 2020 at 15:20:02 UTC"
143,2020-04-15,"April 15, 2020",Provincial Nominee Program,118,808,Provincial Nominee Program,"April 15, 2020 at 14:31:00 UTC"
142,2020-04-09,"April 9, 2020",Canadian Experience Class,"3,294",464,Canadian Experience Class,"April 9, 2020 at 17:36:14 UTC"
141,2020-04-09,"April 9, 2020",Provincial Nominee Program,606,698,Provincial Nominee Program,"April 9, 2020 at 14:14:53 UTC"
140,2020-03-23,"March 23, 2020",Canadian Experience Class,"3,232",467,Canadian Experience Class,"March 23, 2020 at 16:12:27 UTC"
139,2020-03-18,"March 18, 2020",Provincial Nominee Program,668,720,Provincial Nominee Program,"March 19, 2020 at 02:04:06 UTC"
138,2020-03-04,"March 4, 2020",No Program Specified,"3,900",471,"Federal Skilled Worker, Canadian Experience Class, Federal Skilled Trades and Provincial Nominee Program","March 4, 2020 at 13:44:16 UTC"
137,2020-02-19,"February 19, 2020",No Program Specified,"4,500",470,"Federal Skilled Worker, Canadian Experience Class, Federal Skilled Trades and Provincial Nominee Program","February 19, 2020 at 13:19:54 UTC"
136,2020-02-05,"February 5, 2020",No Program Specified,"3,500",472,"Federal Skilled Worker, Canadian Experience Class, Federal Skilled Trades and Provincial Nominee Program","February 5, 2020 at 13:11:46 UTC"
135,2020-01-22,"January 22, 2020",No Program Specified,"3,400",471,"Federal Skilled Worker, Canadian Experience Class, Federal Skilled Trades and Provincial Nominee Program","January 22, 2020 at 13:35:06 UTC"
134,2020-01-08,"January 8, 2020",No Program Specified,"3,400",473,"Federal Skilled Worker, Canadian Experience Class, Federal Skilled Trades and Provincial Nominee Program","January 8, 2020 at 13:33:44 UTC"
133,2019-12-19,"December 19, 2019",No Program Specified,"3,200",469,"Federal Skilled Worker, Canadian Experience Class, Federal Skilled Trades and Provincial Nominee Program","December 19, 2019 at 13:21:53 UTC"
132,2019-12-11,"December 11, 2019",No Program Specified,"3,200",472,"Federal Skilled Worker, Canadian Experience Class, Federal Skilled Trades and Provincial Nominee Program","December 11, 2019 at 13:26:03 UTC"
131,2019-11-27,"November 27, 2019",No Program Specified,"3,600",471,"Federal Skilled Worker, Canadian Experience Class, Federal Skilled Trades and Provincial Nominee Program","November 27, 2019 at 12:44:41 UTC"
130,2019-11-13,"November 13, 2019",No Program Specified,"3,600",472,"Federal Skilled Worker, Canadian Experience Class, Federal Skilled Trades and Provincial Nominee Program","November 13, 2019 at 12:40:01 UTC"
129,2019-10-30,"October 30, 2019",No Program Specified,"3,900",475,"Federal Skilled Worker, Canadian Experience Class, Federal Skilled Trades and Provincial Nominee Program","October 30, 2019 at 12:50:09 UTC"
128,2019-10-16,"October 16, 2019",Federal Skilled Trades,500,357,Federal Skilled Trades,"October 16, 2019 at 12:56:58 UTC"
127,2019-10-02,"October 2, 2019",No Program Specified,"3,900",464,"Federal Skilled Worker, Canadian Experience Class, Federal Skilled Trades and Provincial Nominee Program","October 2, 2019 at 12:16:25 UTC"
126,2019-09-18,"September 18, 2019",No Program Specified,"3,600",462,"Federal Skilled Worker, Canadian Experience Class, Federal Skilled Trades and Provincial Nominee Program","September 18, 2019 at 17:52:51 UTC"
125,2019-09-04,"September 4, 2019",No Program Specified,"3,600",463,"Federal Skilled Worker, Canadian Experience Class, Federal Skilled Trades and Provincial Nominee Program","September 4, 2019 at 13:36:34 UTC"
124,2019-08-20,"August 20, 2019",No Program Specified,"3,600",457,"Federal Skilled Worker, Canadian Experience Class, Federal Skilled Trades and Provincial Nominee Program","August 20, 2019 at 11:51:30 UTC"
123,2019-08-12,"August 12, 2019",No Program Specified,"3,600",466,"Federal Skilled Worker, Canadian Experience Class, Federal Skilled Trades and Provincial Nominee Program","August 12, 2019 at 12:36:51 UTC"
122,2019-07-24,"July 24, 2019",No Program Specified,"3,600",459,"Federal Skilled Worker, Canadian Experience Class, Federal Skilled Trades and Provincial Nominee Program","July 24, 2019 at 12:55:38 UTC"
121,2019-07-10,"July 10, 2019",No Program Specified,"3,600",460,"Federal Skilled Worker, Canadian Experience Class, Federal Skilled Trades and Provincial Nominee Program","July 10, 2019 at 12:31:36 UTC"
120,2019-06-26,"June 26, 2019",No Program Specified,"3,350",462,"Federal Skilled Worker, Canadian Experience Class, Federal Skilled Trades and Provincial Nominee Program","June 26, 2019 at 12:30:54 UTC"
119,2019-06-12,"June 12, 2019",No Program Specified,"3,350",465,"Federal Skilled Worker, Canadian Experience Class, Federal Skilled Trades and Provincial Nominee Program","June 12, 2019 at 11:59:22 UTC"
118,2019-05-29,"May 29, 2019",No Program Specified,"3,350",470,"Federal Skilled Worker, Canadian Experience Class, Federal Skilled Trades and Provincial Nominee Program","May 29, 2019 at 12:09:37 UTC"
117,2019-05-15,"May 15, 2019",Federal Skilled Trades,500,332,Federal Skilled Trades,"May 15, 2019 at 11:23:38 UTC"
116,2019-05-01,"May 1, 2019",No Program Specified,"3,350",450,"Federal Skilled Worker, Canadian Experience Class, Federal Skilled Trades and Provincial Nominee Program","May 1, 2019 at 12:03:02 UTC"
115,2019-04-17,"April 17, 2019",No Program Specified,"3,350",451,"Federal Skilled Worker, Canadian Experience Class, Federal Skilled Trades and Provincial Nominee Program","April 17, 2019 at 15:26:33 UTC"
114,2019-04-03,"April 3, 2019",No Program Specified,"3,350",451,"Federal Skilled Worker, Canadian Experience Class, Federal Skilled Trades and Provincial Nominee Program","April 3, 2019 at 17:37:40 UTC"
113,2019-03-20,"March 20, 2019",No Program Specified,"3,350",452,"Federal Skilled Worker, Canadian Experience Class, Federal Skilled Trades and Provincial Nominee Program","March 20, 2019 at 11:44:52 UTC"
112,2019-03-06,"March 6, 2019",No Program Specified,"3,350",454,"Federal Skilled Worker, Canadian Experience Class, Federal Skilled Trades and Provincial Nominee Program","March 6, 2019 at 14:56:03 UTC"
111,2019-02-20,"February 20, 2019",No Program Specified,"3,350",457,"Federal Skilled Worker, Canadian Experience Class, Federal Skilled Trades and Provincial Nominee Program","February 20, 2019 at 01:43:14 UTC"
110,2019-01-30,"January 30, 2019",No Program Specified,"3,350",438,"Federal Skilled Worker, Canadian Experience Class, Federal Skilled Trades and Provincial Nominee Program","January 30, 2019 at 12:09:10 UTC"
109,2019-01-23,"January 23, 2019",No Program Specified,"3,900",443,"Federal Skilled Worker, Canadian Experience Class, Federal Skilled Trades and Provincial Nominee Program","January 23, 2019 at 14:19:24 UTC"
108,2019-01-09,"January 9, 2019",No Program Specified,"3,900",449,"Federal Skilled Worker, Canadian Experience Class, Federal Skilled Trades and Provincial Nominee Program","January 10, 2019 at 12:20:46 UTC"
107,2018-12-19,"December 19, 2018",No Program Specified,"3,900",439,"Federal Skilled Worker, Canadian Experience Class, Federal Skilled Trades and Provincial Nominee Program","December 19, 2018 at 12:35:17 UTC"
106,2018-12-12,"December 12, 2018",No Program Specified,"3,900",445,"Federal Skilled Worker, Canadian Experience Class, Federal Skilled Trades and Provincial Nominee Program","December 12, 2018 at 14:10:54 UTC"
105,2018-11-28,"November 28, 2018",No Program Specified,"3,900",445,"Federal Skilled Worker, Canadian Experience Class, Federal Skilled Trades and Provincial Nominee Program","November 28, 2018 at 12:14:58 UTC"
104,2018-11-14,"November 14, 2018",No Program Specified,"3,900",449,"Federal Skilled Worker, Canadian Experience Class, Federal Skilled Trades and Provincial Nominee Program","November 15, 2018 at 14:06:07 UTC"
103,2018-10-29,"October 29, 2018",No Program Specified,"3,900",442,"Federal Skilled Worker, Canadian Experience Class, Federal Skilled Trades and Provincial Nominee Program","October 29, 2018 at 16:36:30 UTC"
102,2018-10-15,"October 15, 2018",No Program Specified,"3,900",440,"Federal Skilled Worker, Canadian Experience Class, Federal Skilled Trades and Provincial Nominee Program","October 15, 2018 at 12:11:46 UTC"
101,2018-10-03,"October 3, 2018",No Program Specified,"3,900",445,"Federal Skilled Worker, Canadian Experience Class, Federal Skilled Trades and Provincial Nominee Program","October 3, 2018 at 11:20:04 UTC"
100,2018-09-24,"September 24, 2018",Federal Skilled Trades,400,284,Federal Skilled Trades,"September 24, 2018 at 05:34:21 UTC"
99,2018-09-19,"September 19, 2018",No Program Specified,"3,500",441,"Federal Skilled Worker, Canadian Experience Class, Federal Skilled Trades and Provincial Nominee Program","September 19, 2018 at 11:29:46 UTC"
98,2018-09-05,"September 5, 2018",No Program Specified,"3,900",440,"Federal Skilled Worker, Canadian Experience Class, Federal Skilled Trades and Provincial Nominee Program","September 5, 2018 at 13:10:19 UTC"
97,2018-08-22,"August 22, 2018",No Program Specified,"3,750",440,"Federal Skilled Worker, Canadian Experience Class, Federal Skilled Trades and Provincial Nominee Program","August 22, 2018 at 13:19:10 UTC"
96,2018-08-08,"August 8, 2018",No Program Specified,"3,750",440,"Federal Skilled Worker, Canadian Experience Class, Federal Skilled Trades and Provincial Nominee Program","August 8, 2018 at 11:56:30 UTC"
95,2018-07-25,"July 25, 2018",No Program Specified,"3,750",441,"Federal Skilled Worker, Canadian Experience Class, Federal Skilled Trades and Provincial Nominee Program","July 25, 2018 at 12:43:04 UTC"
94,2018-07-11,"July 11, 2018",No Program Specified,"3,750",442,"Federal Skilled Worker, Canadian Experience Class, Federal Skilled Trades and Provincial Nominee Program","July 11, 2018 at 12:09:46 UTC"
93,2018-06-25,"June 25, 2018",No Program Specified,"3,750",442,"Federal Skilled Worker, Canadian Experience Class, Federal Skilled Trades and Provincial Nominee Program","June 25, 2018 at 12:11:51 UTC"
92,2018-06-13,"June 13, 2018",No Program Specified,"3,750",451,"Federal Skilled Worker, Canadian Experience Class, Federal Skilled Trades and Provincial Nominee Program","June 13, 2018 at 11:31:36 UTC"
91a,2018-05-30,"May 30, 2018",Federal Skilled Trades,500,288,Federal Skilled Trades,"May 30, 2018 at 14:52:06 UTC"
91b,2018-05-30,"May 30, 2018",Provincial Nominee Program,200,902,Provincial Nominee Program,"May 30, 2018 at 14:52:06 UTC"
90,2018-05-23,"May 23, 2018",No Program Specified,"3,500",440,"Federal Skilled Worker, Canadian Experience Class, Federal Skilled Trades and Provincial Nominee Program","May 23, 2018 at 11:20:42 UTC"
89,2018-05-09,"May 9, 2018",No Program Specified,"3,500",441,"Federal Skilled Worker, Canadian Experience Class, Federal Skilled Trades and Provincial Nominee Program","May 9, 2018 at 12:28:41 UTC"
88,2018-04-25,"April 25, 2018",No Program Specified,"3,500",441,"Federal Skilled Worker, Canadian Experience Class, Federal Skilled Trades and Provincial Nominee Program","April 25, 2018 at 12:40:15 UTC"
87,2018-04-11,"April 11, 2018",No Program Specified,"3,500",444,"Federal Skilled Worker, Canadian Experience Class, Federal Skilled Trades and Provincial Nominee Program","April 11, 2018 at 12:50:17 UTC"
86,2018-03-26,"March 26, 2018",No Program Specified,"3,000",446,"Federal Skilled Worker, Canadian Experience Class, Federal Skilled Trades and Provincial Nominee Program","March 26, 2018 at 12:00:18 UTC"
85,2018-03-14,"March 14, 2018",No Program Specified,"3,000",456,"Federal Skilled Worker, Canadian Experience Class, Federal Skilled Trades and Provincial Nominee Program","March 14, 2018 at 12:08:58 UTC"
84,2018-02-21,"February 21, 2018",No Program Specified,"3,000",442,"Federal Skilled Worker, Canadian Experience Class, Federal Skilled Trades and Provincial Nominee Program","February 21, 2018 at 13:29:23 UTC"
83,2018-02-07,"February 7, 2018",No Program Specified,"3,000",442,"Federal Skilled Worker, Canadian Experience Class, Federal Skilled Trades and Provincial Nominee Program","February 7, 2018 at 16:55:01 UTC"
82,2018-01-24,"January 24, 2018",No Program Specified,"2,750",444,"Federal Skilled Worker, Canadian Experience Class, Federal Skilled Trades and Provincial Nominee Program","January 24, 2018 at 13:38:00 UTC"
81,2018-01-10,"January 10, 2018",No Program Specified,"2,750",446,"Federal Skilled Worker, Canadian Experience Class, Federal Skilled Trades and Provincial Nominee Program","January 10, 2018 at 12:15:38 UTC"
80,2017-12-20,"December 20, 2017",No Program Specified,"2,750",446,"Federal Skilled Worker, Canadian Experience Class, Federal Skilled Trades and Provincial Nominee Program","December 20, 2017 at 13:29:55 UTC"
79,2017-12-06,"December 6, 2017",No Program Specified,"2,750",452,"Federal Skilled Worker, Canadian Experience Class, Federal Skilled Trades and Provincial Nominee Program","December 6, 2017 at 14:00:00 UTC"
78,2017-11-15,"November 15, 2017",No Program Specified,"2,750",439,"Federal Skilled Worker, Canadian Experience Class, Federal Skilled Trades and Provincial Nominee Program","November 15, 2017 at 17:54:19 UTC"
77,2017-11-08,"November 8, 2017",No Program Specified,"2,000",458,"Federal Skilled Worker, Canadian Experience Class, Federal Skilled Trades and Provincial Nominee Program","November 8, 2017 at 13:40:54 UTC"
76,2017-11-01,"November 1, 2017",Federal Skilled Trades,505,241,Federal Skilled Trades,"November 1, 2017, at 12:55:44 UTC"
75,2017-11-01,"November 1, 2017",Provincial Nominee Program,290,673,Provincial Nominee Program,"November 1, 2017, at 12:55:44 UTC"
74,2017-10-18,"October 18, 2017",No Program Specified,"2,757",436,"Federal Skilled Worker, Canadian Experience Class, Federal Skilled Trades and Provincial Nominee Program","October 18, 2017 at 11:12:41 UTC"
73,2017-10-04,"October 4, 2017",No Program Specified,"2,801",438,"Federal Skilled Worker, Canadian Experience Class, Federal Skilled Trades and Provincial Nominee Program","October 4, 2017 at 12:22:22 UTC"
72,2017-09-20,"September 20, 2017",No Program Specified,"2,871",433,"Federal Skilled Worker, Canadian Experience Class, Federal Skilled Trades and Provincial Nominee Program","September 20, 2017 at 12:39:23 UTC"
71,2017-09-06,"September 6, 2017",No Program Specified,"2,772",435,"Federal Skilled Worker, Canadian Experience Class, Federal Skilled Trades and Provincial Nominee Program","September 6, 2017 at 11:08:58 UTC"
70,2017-08-23,"August 23, 2017",No Program Specified,"3,035",434,"Federal Skilled Worker, Canadian Experience Class, Federal Skilled Trades and Provincial Nominee Program","August 23, 2017 at 12:14:16 UTC"
69,2017-08-09,"August 9, 2017",No Program Specified,"2,991",433,"Federal Skilled Worker, Canadian Experience Class, Federal Skilled Trades and Provincial Nominee Program","August 9, 2017 at 12:15:03 UTC"
68,2017-08-02,"August 2, 2017",No Program Specified,"3,264",441,"Federal Skilled Worker, Canadian Experience Class, Federal Skilled Trades and Provincial Nominee Program","August 2, 2017 at 12:22:55 UTC"
67,2017-07-12,"July 12, 2017",No Program Specified,"3,202",440,"Federal Skilled Worker, Canadian Experience Class, Federal Skilled Trades and Provincial Nominee Program","July 12, 2017 at 16:31:04 UTC"
66,2017-06-28,"June 28, 2017",No Program Specified,"3,409",449,"Federal Skilled Worker, Canadian Experience Class, Federal Skilled Trades and Provincial Nominee Program","June 28, 2017 at 13:17:07 UTC"
65,2017-05-31,"May 31, 2017",No Program Specified,"3,877",413,"Federal Skilled Worker, Canadian Experience Class, Federal Skilled Trades and Provincial Nominee Program","May 31, 2017 at 12:13:35 UTC"
64,2017-05-26,"May 26, 2017",Federal Skilled Trades,400,199,Federal Skilled Trades,"May 26, 2017, at 16:35:48 UTC"
63,2017-05-26,"May 26, 2017",Provincial Nominee Program,143,775,Provincial Nominee Program,"May 26, 2017, at 16:35:48 UTC"
62,2017-05-17,"May 17, 2017",No Program Specified,"3,687",415,"Federal Skilled Worker, Canadian Experience Class, Federal Skilled Trades and Provincial Nominee Program","May 17, 2017 at 13:17:03 UTC"
61,2017-05-04,"May 4, 2017",No Program Specified,"3,796",423,"Federal Skilled Worker, Canadian Experience Class, Federal Skilled Trades and Provincial Nominee Program","May 4, 2017 at 12:20:49 UTC"
60,2017-04-19,"April 19, 2017",No Program Specified,"3,665",415,"Federal Skilled Worker, Canadian Experience Class, Federal Skilled Trades and Provincial Nominee Program","April 19, 2017 at 12:23:45 UTC"
59,2017-04-12,"April 12, 2017",No Program Specified,"3,923",423,"Federal Skilled Worker, Canadian Experience Class, Federal Skilled Trades and Provincial Nominee Program","April 12, 2017 at 17:24:01 UTC"
58,2017-04-05,"April 5, 2017",No Program Specified,"3,753",431,"Federal Skilled Worker, Canadian Experience Class, Federal Skilled Trades and Provincial Nominee Program","April 5, 2017 at 12:09:10 UTC"
57,2017-03-24,"March 24, 2017",No Program Specified,"3,749",441,"Federal Skilled Worker, Canadian Experience Class, Federal Skilled Trades and Provincial Nominee Program","March 24, 2017 at 12:38:04 UTC"
56,2017-03-01,"March 1, 2017",No Program Specified,"3,884",434,"Federal Skilled Worker, Canadian Experience Class, Federal Skilled Trades and Provincial Nominee Program","March 1, 2017 at 13:32:31 UTC"
55,2017-02-22,"February 22, 2017",No Program Specified,"3,611",441,"Federal Skilled Worker, Canadian Experience Class, Federal Skilled Trades and Provincial Nominee Program","February 22, 2017 at 13:10:45 UTC"
54,2017-02-08,"February 8, 2017",No Program Specified,"3,644",447,"Federal Skilled Worker, Canadian Experience Class, Federal Skilled Trades and Provincial Nominee Program","February 8, 2017 at 13:23:27 UTC"
53,2017-01-25,"January 25, 2017",No Program Specified,"3,508",453,"Federal Skilled Worker, Canadian Experience Class, Federal Skilled Trades and Provincial Nominee Program","January 25, 2017 at 13:13:53 UTC"
52,2017-01-11,"January 11, 2017",No Program Specified,"3,334",459,"Federal Skilled Worker, Canadian Experience Class, Federal Skilled Trades and Provincial Nominee Program","January 11, 2017 at 15:16:33 UTC"
51,2017-01-04,"January 4, 2017",No Program Specified,"2,902",468,"Federal Skilled Worker, Canadian Experience Class, Federal Skilled Trades and Provincial Nominee Program","January 4, 2017 at 13:24:16 UTC"
50,2016-12-22,"December 22, 2016",No Program Specified,"2,878",475,"Federal Skilled Worker, Canadian Experience Class, Federal Skilled Trades and Provincial Nominee Program","December 22, 2016 at 13:39:04 UTC"
49,2016-12-16,"December 16, 2016",No Program Specified,"1,936",497,"Federal Skilled Worker, Canadian Experience Class, Federal Skilled Trades and Provincial Nominee Program","December 16, 2016 at 16:42:31 UTC"
48,2016-11-30,"November 30, 2016",Provincial Nominee Program,559,786,Provincial Nominee Program,"November 30, 2016 at 14:58:44 UTC"
47,2016-11-16,"November 16, 2016",No Program Specified,"2,427",470,"Federal Skilled Worker, Canadian Experience Class, Federal Skilled Trades and Provincial Nominee Program","November 16, 2016 at 13:12:45 UTC"
46,2016-11-02,"November 2, 2016",No Program Specified,"2,080",472,"Federal Skilled Worker, Canadian Experience Class, Federal Skilled Trades and Provincial Nominee Program","November 2, 2016 at 12:34:57 UTC"
45,2016-10-19,"October 19, 2016",No Program Specified,"1,804",475,"Federal Skilled Worker, Canadian Experience Class, Federal Skilled Trades and Provincial Nominee Program","October 19, 2016 at 12:20:50 UTC"
44,2016-10-12,"October 12, 2016",No Program Specified,"1,518",484,"Federal Skilled Worker, Canadian Experience Class, Federal Skilled Trades and Provincial Nominee Program","October 12, 2016 at 12:18:33 UTC"
43,2016-09-21,"September 21, 2016",No Program Specified,"1,288",483,"Federal Skilled Worker, Canadian Experience Class, Federal Skilled Trades and Provincial Nominee Program","September 21, 2016 at 12:05:41 UTC"
42,2016-09-07,"September 7, 2016",No Program Specified,"1,000",491,"Federal Skilled Worker, Canadian Experience Class, Federal Skilled Trades and Provincial Nominee Program","September 7, 2016 at 12:09:27 UTC"
41,2016-08-24,"August 24, 2016",No Program Specified,750,538,"Federal Skilled Worker, Canadian Experience Class, Federal Skilled Trades and Provincial Nominee Program","August 24, 2016 at 12:12:22 UTC"
40,2016-08-10,"August 10, 2016",No Program Specified,754,490,"Federal Skilled Worker, Canadian Experience Class, Federal Skilled Trades and Provincial Nominee Program","August 10, 2016 at 11:17:01 UTC"
39,2016-07-27,"July 27, 2016",No Program Specified,755,488,"Federal Skilled Worker, Canadian Experience Class, Federal Skilled Trades and Provincial Nominee Program","July 27, 2016 at 12:40:23 UTC"
38,2016-07-13,"July 13, 2016",No Program Specified,747,482,"Federal Skilled Worker, Canadian Experience Class, Federal Skilled Trades and Provincial Nominee Program"," July 13, 2016 at 13:56:45 UTC"
37,2016-06-29,"June 29, 2016",No Program Specified,773,482,"Federal Skilled Worker, Canadian Experience Class, Federal Skilled Trades and Provincial Nominee Program","June 29, 2016 at 12:10:42 UTC"
36,2016-06-15,"June 15, 2016",No Program Specified,752,488,"Federal Skilled Worker, Canadian Experience Class, Federal Skilled Trades and Provincial Nominee Program","June 15, 2016 at 13:35:01 UTC"
35,2016-06-01,"June 1, 2016",No Program Specified,762,483,"Federal Skilled Worker, Canadian Experience Class, Federal Skilled Trades and Provincial Nominee Program","June 1, 2016 at 18:59:32 UTC"
34,2016-05-18,"May 18, 2016",No Program Specified,763,484,"Federal Skilled Worker, Canadian Experience Class, Federal Skilled Trades and Provincial Nominee Program","May 18, 2016 at 13:45:56 UTC"
33,2016-05-06,"May 6, 2016",No Program Specified,799,534,"Federal Skilled Worker, Canadian Experience Class, Federal Skilled Trades and Provincial Nominee Program","May 6, 2016 at 12:47:39 UTC"
32,2016-04-20,"April 20, 2016",No Program Specified,"1,018",468,"Federal Skilled Worker, Canadian Experience Class, Federal Skilled Trades and Provincial Nominee Program","April 20, 2016 at 12:29:05 UTC"
31,2016-04-06,"April 6, 2016",No Program Specified,954,470,"Federal Skilled Worker, Canadian Experience Class, Federal Skilled Trades and Provincial Nominee Program","April 6, 2016 at 12:32:17 UTC"
30,2016-03-23,"March 23, 2016",No Program Specified,"1,014",470,"Federal Skilled Worker, Canadian Experience Class, Federal Skilled Trades and Provincial Nominee Program","March 23, 2016 at 12:20:45 UTC"
29,2016-03-09,"March 9, 2016",No Program Specified,"1,013",473,"Federal Skilled Worker, Canadian Experience Class, Federal Skilled Trades and Provincial Nominee Program","March 9, 2016 at 13:11:07 UTC"
28,2016-02-24,"February 24, 2016",No Program Specified,"1,484",453,"Federal Skilled Worker, Canadian Experience Class, Federal Skilled Trades and Provincial Nominee Program","February 24, 2016 at 13:03:55 UTC"
27,2016-02-10,"February 10, 2016",No Program Specified,"1,505",459,"Federal Skilled Worker, Canadian Experience Class, Federal Skilled Trades and Provincial Nominee Program","February 10, 2016 at 13:07:36 UTC"
26,2016-01-27,"January 27, 2016",No Program Specified,"1,468",457,"Federal Skilled Worker, Canadian Experience Class, Federal Skilled Trades and Provincial Nominee Program","January 27, 2016 at 13:44:40 UTC"
25,2016-01-13,"January 13, 2016",No Program Specified,"1,518",453,"Federal Skilled Worker, Canadian Experience Class, Federal Skilled Trades and Provincial Nominee Program","January 13, 2016 at 12:59:27 UTC"
24,2016-01-06,"January 6, 2016",No Program Specified,"1,463",461,"Federal Skilled Worker, Canadian Experience Class, Federal Skilled Trades and Provincial Nominee Program","January 6, 2016 at 13:28:25 UTC"
23,2015-12-18,"December 18, 2015",No Program Specified,"1,503",460,"Federal Skilled Worker, Canadian Experience Class, Federal Skilled Trades and Provincial Nominee Program","December 18, 2015 at 15:56:10 UTC"
22,2015-12-04,"December 4, 2015",No Program Specified,"1,451",461,"Federal Skilled Worker, Canadian Experience Class, Federal Skilled Trades and Provincial Nominee Program","December 4, 2015 at 13:15:46 UTC"
21,2015-11-27,"November 27, 2015",No Program Specified,"1,559",472,"Federal Skilled Worker, Canadian Experience Class, Federal Skilled Trades and Provincial Nominee Program","November 27, 2015 at 15:58:32 UTC"
20,2015-11-13,"November 13, 2015",No Program Specified,"1,506",484,"Federal Skilled Worker, Canadian Experience Class, Federal Skilled Trades and Provincial Nominee Program","November 13, 2015 at 12:34:37 UTC"
19,2015-10-23,"October 23, 2015",No Program Specified,"1,502",489,"Federal Skilled Worker, Canadian Experience Class, Federal Skilled Trades and Provincial Nominee Program","October 23, 2015 at 12:34:37 UTC"
18,2015-10-02,"October 2, 2015",No Program Specified,"1,530",450,"Federal Skilled Worker, Canadian Experience Class, Federal Skilled Trades and Provincial Nominee Program","October 2, 2015 at 12:28:11 UTC"
17,2015-09-18,"September 18, 2015",No Program Specified,"1,545",450,"Federal Skilled Worker, Canadian Experience Class, Federal Skilled Trades and Provincial Nominee Program","September 18, 2015 at 14:51:28 UTC"
16,2015-09-08,"September 8, 2015",No Program Specified,"1,517",459,"Federal Skilled Worker, Canadian Experience Class, Federal Skilled Trades and Provincial Nominee Program","September 8, 2015 at 15:41:50 UTC"
15,2015-08-21,"August 21, 2015",No Program Specified,"1,523",456,"Federal Skilled Worker, Canadian Experience Class, Federal Skilled Trades and Provincial Nominee Program","August 21, 2015 at 14:38:31 UTC"
14,2015-08-07,"August 7, 2015",No Program Specified,"1,402",471,"Federal Skilled Worker, Canadian Experience Class, Federal Skilled Trades and Provincial Nominee Program","August 7, 2015 at 21:10:39 UTC"
13,2015-07-17,"July 17, 2015",No Program Specified,"1,581",451,"Federal Skilled Worker, Canadian Experience Class, Federal Skilled Trades and Provincial Nominee Program","July 18, 2015 at 00:04:00 UTC"
12,2015-07-10,"July 10, 2015",No Program Specified,"1,516",463,"Federal Skilled Worker, Canadian Experience Class, Federal Skilled Trades and Provincial Nominee Program","July 10, 2015 at 23:59:57 UTC"
11,2015-06-26,"June 26, 2015",No Program Specified,"1,575",469,"Federal Skilled Worker, Canadian Experience Class, Federal Skilled Trades and Provincial Nominee Program","June 27, 2015 at 00:02:00 UTC"
10,2015-06-12,"June 12, 2015",No Program Specified,"1,501",482,"Federal Skilled Worker, Canadian Experience Class, Federal Skilled Trades and Provincial Nominee Program","June 12, 2015 at 23:59:55 UTC"
9,2015-05-22,"May 22, 2015",No Program Specified,"1,361",755,"Federal Skilled Worker, Canadian Experience Class, Federal Skilled Trades and Provincial Nominee Program","May 23, 2015 at 00:00:00 UTC"
8,2015-04-17,"April 17, 2015",No Program Specified,715,453,"Federal Skilled Worker, Canadian Experience Class, Federal Skilled Trades and Provincial Nominee Program","April 18, 2015 at 00:00:00 UTC"
7,2015-04-10,"April 10, 2015",No Program Specified,925,469,"Federal Skilled Worker, Canadian Experience Class, Federal Skilled Trades and Provincial Nominee Program","April 11, 2015 at 00:00:01 UTC"
6,2015-03-27,"March 27, 2015",No Program Specified,"1,637",453,"Federal Skilled Worker, Canadian Experience Class, Federal Skilled Trades and Provincial Nominee Program","March 27, 2015 at 23:59:47"
5,2015-03-20,"March 20, 2015",No Program Specified,"1,620",481,"Federal Skilled Worker, Canadian Experience Class, Federal Skilled Trades and Provincial Nominee Program","March 20, 2015 at 23:59:53 UTC"
4,2015-02-27,"February 27, 2015",No Program Specified,"1,187",735,"Federal Skilled Worker, Canadian Experience Class, Federal Skilled Trades and Provincial Nominee Program","February 27, 2015 at 23:59:51 UTC"
3,2015-02-20,"February 20, 2015",Canadian Experience Class,849,808,Canadian Experience Class,"February 20, 2015 at 11:59:47 UTC"
2,2015-02-07,"February 7, 2015",No Program Specified,779,818,"Federal Skilled Worker, Canadian Experience Class, Federal Skilled Trades and Provincial Nominee Program","February 7, 2015 at 11:59:59 UTC"
1,2015-01-31,"January 31, 2015",No Program Specified,779,886,"Federal Skilled Worker, Canadian Experience Class, Federal Skilled Trades and Provincial Nominee Program","January 31, 2015 at 11:59:48 UTC"
